period,id,direction,signalTime,entryTime,exitTime,entry,stop,target,exit,quantity,riskBudget,plannedRisk,grossPnl,fees,funding,executionCost,netPnl,netR,balance,exitReason,ambiguous
Research,1,1,1774558500,1774558800,1774564200,68.295,68.03,68.825,68.81,28.72283896540329,10.0,10.0,14.792262067182712,1.9690224181758091,0.0,0.8616851689621314,12.823239649006902,1.2823239649006903,2012.8232396490068,target,False
Research,2,1,1774572900,1774573200,1774575000,67.805,67.46000000000001,68.495,68.48,23.534910723753434,10.064116198245035,10.064116198245035,15.8860647385335,1.6037276539933685,0.0,0.7060473217126297,14.282337084540131,1.4191347559193188,2027.105576733547,target,False
Research,3,-1,1774579500,1774580100,1774581900,68.69500000000001,69.05,67.98500000000003,69.065,23.094075564318196,10.135527883667734,10.135527883667734,-8.54480795879751,1.5907199248702373,0.0,0.6928222669295722,-10.135527883667747,-1.0000000000000013,2016.9700488498793,stop,False
Research,4,-1,1774830300,1774830600,1774832400,68.625,69.04,67.79499999999999,69.055,20.216603007475886,10.084850244249397,10.084850244249397,-8.693139293214768,1.3917109510346402,0.0,0.6064980902242996,-10.08485024424941,-1.0000000000000013,2006.8851986056297,stop,False
Research,5,1,1774843200,1774843800,1774846800,69.965,69.83,70.23500000000001,70.22000000000001,28.684130616817402,10.03442599302815,6.307353481332126,7.314453307288715,2.010542425259274,0.0,0.8605239185045547,5.303910882029441,0.5285714285714561,2012.1891094876592,target,False
Research,6,1,1774934100,1774934400,1774942800,72.005,71.63,72.755,72.74,21.785897982803093,10.060945547438296,10.060945547438296,16.01263501736026,1.5766999017604166,0.0,0.6535769394841175,14.435935115599843,1.4348487473203253,2026.6250446032589,target,False
Research,7,-1,1774944300,1774944600,1774948800,73.035,73.39,72.32499999999999,73.405,22.862517988845728,10.133125223016295,10.133125223016295,-8.459131655873023,1.6739935671432842,0.0,0.6858755396653978,-10.133125223016307,-1.0000000000000013,2016.4919193802425,stop,False
Research,8,-1,1775020500,1775020800,1775021100,74.395,74.5,74.18499999999999,74.515,27.105207599707544,10.082459596901213,5.270743143801239,-3.2526249119650283,2.018118231836225,0.0,0.8131562279912571,-5.270743143801253,-0.5227636265878205,2011.2211762364411,stop,False
Research,9,-1,1775037000,1775037300,1775039400,74.475,74.65,74.12499999999997,74.665,27.005319586927712,10.056105881182205,7.144797403113773,-5.131010721516588,2.0137866815971996,0.0,0.8101595876078621,-7.144797403113787,-0.710493454179287,2004.0763788333272,stop,False
Research,10,1,1775107200,1775107500,1775107800,71.955,71.79,72.28499999999998,71.775,27.85180152641689,10.020381894166636,7.014893991450768,-5.013324274754834,2.0015697166959496,0.0,0.8355540457925383,-7.0148939914507835,-0.7000625390869087,1997.0614848418763,stop,False
Research,11,-1,1775113500,1775113800,1775114100,70.825,70.99,70.49500000000002,71.005,28.197126506768463,9.985307424209381,7.075081997445585,-5.075482771218115,1.9995992262274855,0.0,0.845913795203086,-7.075081997445601,-0.708549241087166,1989.9864028444308,stop,False
Research,12,-1,1775423100,1775423400,1775425200,72.19500000000001,72.28,72.02500000000002,72.04000000000002,27.564047411100915,9.949932014222155,4.7477693463249055,4.2724273487202815,1.9878501891700706,0.0,0.8269214223330588,2.284577159550211,0.22960731352583116,1992.270980003981,target,False
Research,13,1,1775446800,1775447100,1775451600,72.025,71.77,72.53500000000003,72.52000000000002,27.66082582442181,9.961354900019906,9.45695974111184,13.692108783089315,1.9991170343955258,0.0,0.8298247747326858,11.692991748693789,1.1738354737938734,2003.963971752675,target,False
Research,14,-1,1775491200,1775491500,1775491800,72.605,72.74,72.33500000000002,72.755,27.600908639249017,10.019819858763375,6.146170335787721,-4.1401362958871175,2.0060340399006185,0.0,0.8280272591775019,-6.146170335787736,-0.6134012809034955,1997.8178014168873,stop,False
Research,15,-1,1775573100,1775573400,1775575800,71.005,71.33,70.35499999999999,71.345,24.294008651022963,9.989089007084436,9.989089007084436,-8.25996294134789,1.7291260657365592,0.0,0.7288202595307165,-9.989089007084448,-1.0000000000000013,1987.8287124098028,stop,False
Research,16,-1,1775575800,1775576100,1775576700,71.115,71.36,70.62499999999999,71.375,27.952312626166112,9.939143562049015,9.259063795854521,-7.267601282803332,1.9914625130512045,0.0,0.8385693787850151,-9.259063795854537,-0.931575616958462,1978.5696486139484,stop,False
Research,17,1,1775607900,1775608500,1775608500,76.415,76.19,76.86500000000002,76.175,25.892424898435493,9.892848243069743,8.189644533250876,-6.214181975624754,1.975462557626136,0.0,0.7767727469530943,-8.18964453325089,-0.8278348491788499,1970.3800040806975,stop,True
Research,18,-1,1775613600,1775614200,1775625600,76.575,76.8,76.12500000000001,76.815,25.731374522764575,9.851900020403487,8.14899765448678,-6.175529885463367,1.9734677690234292,0.0,0.7719412356829665,-8.148997654486795,-0.8271498530851971,1962.2310064262108,stop,False
Research,19,1,1775713800,1775714100,1775719500,73.94500000000001,73.76,74.31500000000001,73.745,26.53635819090149,9.811155032131055,7.266849008787479,-5.3072716381803735,1.9595773706071205,0.0,0.7960907457270748,-7.266849008787494,-0.7406721211711483,1954.9641574174234,stop,False
Research,20,1,1775737500,1775737800,1775738100,74.36500000000001,74.21000000000001,74.67500000000001,74.19500000000001,26.288766992771105,9.774820787087117,6.421820000994156,-4.469090388771133,1.9527296122230378,0.0,0.7886630097831631,-6.42182000099417,-0.6569757278289563,1948.542337416429,stop,False
Research,21,-1,1775784900,1775785200,1775786400,75.755,75.95,75.36499999999998,75.37999999999998,25.721633389432107,9.742711687082146,7.352786120703252,9.645612521037405,1.9437195311559106,0.0,0.7716490016829924,7.701892989881495,0.7905286779750887,1956.2442304063106,target,False
Research,22,1,1775807700,1775808000,1775808300,75.425,75.32000000000001,75.63499999999998,75.30499999999999,25.936284128688243,9.781221152031554,5.067042148800914,-3.112354095442707,1.9546880533585893,0.0,0.7780885238606767,-5.067042148801296,-0.5180377858800252,1951.1771882575092,stop,False
Research,23,-1,1776026400,1776026700,1776029100,74.675,74.79,74.44499999999998,74.45999999999998,26.128921168496944,9.755885941287547,5.3496353200383036,5.617718051227303,1.9483683292318956,0.0,0.7838676350549381,3.669349721995408,0.37611650485441617,1954.8465379795045,target,False
Research,24,1,1776200400,1776200700,1776202500,79.555,79.44,79.78500000000003,79.425,24.572264948519948,9.774232689897524,5.147643784065668,-3.194394443307831,1.9532493407578506,0.0,0.7371679484556264,-5.147643784065681,-0.5266545157438492,1949.698894195439,stop,False
Research,25,1,1776214800,1776215400,1776216300,79.825,79.38,80.71500000000002,80.70000000000002,18.06631727680401,9.748494470977194,9.748494470977194,15.808027617203766,1.450047790429482,0.0,0.5419895183041409,14.357979826774285,1.472840741667368,1964.0568740222132,target,False
Research,26,1,1776222000,1776222600,1776228000,79.995,79.76,80.465,79.745,24.552245440617703,9.820284370111066,8.099049203496548,-6.138061360154426,1.9609878433421362,0.0,0.736567363218559,-8.099049203496563,-0.8247265454090881,1955.9578248187165,stop,False
Research,27,-1,1776302400,1776303000,1776309300,80.305,80.52,79.87500000000003,80.535,24.356613222323844,9.779789124093583,7.560779876473505,-5.602021041134235,1.9587588353392835,0.0,0.730698396669743,-7.560779876473519,-0.7731025465412857,1948.3970449422432,stop,False
Research,28,1,1776324000,1776324300,1776326100,80.255,80.07000000000001,80.62499999999997,80.055,24.27757828100733,9.741985224711216,6.801484943315319,-4.85551565620119,1.9459692871141425,0.0,0.7283273484302475,-6.801484943315332,-0.6981621082798296,1941.5955599989277,stop,False
Research,29,1,1776423900,1776424200,1776424200,79.255,79.14,79.48499999999999,79.125,24.49808289696458,9.707977799994639,5.1247539612158945,-3.184750776605284,1.940003184610625,0.0,0.7349424869089652,-5.124753961215909,-0.5278909847959005,1936.4708060377118,stop,True
Research,30,1,1776424200,1776424800,1776424800,79.265,79.13,79.53500000000001,79.115,24.430338813318762,9.68235403018856,5.599189352624652,-3.6645508219979535,1.9346385306267129,0.0,0.7329101643995907,-5.599189352624666,-0.5782880211947409,1930.8716166850872,stop,True
Research,31,-1,1776610200,1776610500,1776610800,80.775,80.85000000000001,80.625,80.86500000000001,23.904322088332865,9.654358083425436,4.083336299129089,-2.1513889879500394,1.9319473111790624,0.0,0.7171296626500131,-4.083336299129102,-0.4229526462395628,1926.7882803859582,stop,False
Research,32,-1,1776639000,1776639300,1776641700,79.645,79.83,79.27499999999999,79.28999999999999,24.192206420816852,9.63394140192979,6.767648785191466,8.588233279390078,1.9224941637462631,0.0,0.725766192624533,6.665739115643815,0.6919015631866506,1933.454019501602,target,False
Research,33,1,1776653700,1776654000,1776654000,80.325,80.18,80.615,80.165,24.070389287290407,9.66727009750801,5.782790674324989,-3.851262285966383,1.9315283883586187,0.0,0.7221116786187396,-5.7827906743250015,-0.5981823840647285,1927.671228827277,stop,True
Research,34,1,1776658800,1776659100,1776659400,80.025,79.9,80.275,79.885,24.08836274698253,9.638356144136385,5.298355828012543,-3.372370784577568,1.9259850434349883,0.0,0.7226508824095033,-5.298355828012556,-0.5497157138394266,1922.3728729992645,stop,False
Research,35,-1,1776743100,1776743400,1776747900,78.915,79.01,78.72500000000001,79.025,24.360044009367854,9.611864364996322,4.603317516450216,-2.67960484103045,1.9237126754197797,0.0,0.7308013202810634,-4.60331751645023,-0.4789203573465106,1917.7695554828142,stop,False
Research,36,1,1776752400,1776753000,1776754800,78.875,78.67,79.285,78.655,24.314035568720307,9.588847777414072,7.264182836688681,-5.34908782511844,1.915095011570255,0.0,0.7294210670616369,-7.264182836688695,-0.7575657686212331,1910.5053726461256,stop,False
Research,37,1,1776823200,1776823500,1776827100,77.735,77.56,78.085,78.07,24.57715794231846,9.552526863230629,6.577830551682043,8.23334791067653,1.9146220466014638,0.0,0.7373147382695818,6.318725864075066,0.6614716665594487,1916.8240985102007,target,False
Research,38,-1,1776854100,1776854400,1776855600,77.975,78.12,77.68499999999997,78.135,24.582546951076637,9.584120492551003,5.851998214438801,-3.9332075121725274,1.918790702266287,0.0,0.7374764085323271,-5.851998214438814,-0.6105931388265747,1910.972100295762,stop,False
Research,39,-1,1776905400,1776905700,1776906900,78.155,78.4,77.66499999999999,77.67999999999999,24.45105367917295,9.55486050147881,8.271424693859133,11.61425049760736,1.9051649750469584,0.0,0.7335316103752163,9.709085522560402,1.0161410018553094,1920.6811858183225,target,False
Research,40,-1,1776921000,1776921300,1776922200,76.255,76.39,75.98499999999999,75.99999999999999,25.187609806810343,9.603405929091613,5.700711727575515,6.422840500736881,1.9174697655679542,0.0,0.755628294204339,4.505370735168927,0.4691430070159588,1925.1865565534913,target,False
Research,41,1,1776994500,1776995400,1776997500,75.395,75.15,75.88499999999998,75.135,25.53467148422961,9.625932782767457,8.560881635159994,-6.639014585899466,1.9218670492605416,0.0,0.7660401445269173,-8.560881635160008,-0.889356058094014,1916.6256749183312,stop,False
Research,42,-1,1777018800,1777019100,1777028400,74.775,74.98,74.36500000000001,74.995,25.631904713050233,9.583128374591656,7.558464221307774,-5.639019036871022,1.9194451844367668,0.0,0.7689571413915361,-7.558464221307789,-0.7887261785356038,1909.0672106970235,stop,False
Research,43,-1,1777229700,1777230300,1777230300,76.095,76.16,75.965,76.175,25.087945472068117,9.545336053485117,3.917106366281298,-2.007035637765407,1.910070728515906,0.0,0.7526383641620721,-3.917106366281313,-0.4103686181746456,1905.1501043307421,stop,True
Research,44,1,1777241400,1777241700,1777242600,75.405,75.10000000000001,76.01499999999999,75.08500000000001,24.10087546117949,9.52575052165371,9.52575052165371,-7.712280147577273,1.8134703740764508,0.0,0.7230262638354121,-9.525750521653723,-1.0000000000000013,1895.6243538090882,stop,False
Research,45,-1,1777254600,1777254900,1777257900,75.525,75.74,75.09500000000003,75.755,25.099296309951512,9.478121769045442,7.6713489241733095,-5.772838151288591,1.8985107728847324,0.0,0.7529788892985739,-7.671348924173323,-0.8093743793445605,1887.953004884915,stop,False
Research,46,1,1777295100,1777295400,1777295400,75.375,75.16,75.805,75.145,25.047469384874493,9.439765024424574,7.645990504426873,-5.760917958521233,1.8850725459056543,0.0,0.7514240815462633,-7.645990504426887,-0.8099767827529127,1880.307014380488,stop,True
Research,47,1,1777334400,1777334700,1777335900,76.11500000000001,75.94,76.46500000000003,75.925,24.70350146988751,9.40153507190244,6.5716254610197575,-4.693665279278922,1.8779601817408484,0.0,0.7411050440966533,-6.571625461019771,-0.6989949418643157,1873.7353889194683,stop,False
Research,48,1,1777341600,1777341900,1777344300,74.745,74.4,75.435,74.385,21.55874712551026,9.368676944597341,9.368676944597341,-7.761148965183681,1.6075279794136725,0.0,0.6467624137653323,-9.368676944597354,-1.0000000000000013,1864.366711974871,stop,False
Research,49,1,1777440900,1777441200,1777441500,73.69500000000001,73.60000000000001,73.885,73.87,25.298415251711386,9.321833559874355,4.64580097682425,4.427222669049421,1.8665803233093956,0.0,0.7589524575513703,2.560642345740025,0.2746929913833968,1866.927354320611,target,False
Research,50,1,1777463700,1777464000,1777464000,72.675,72.55,72.925,72.535,25.688714885732523,9.334636771603055,5.461549228281163,-3.5964200840025677,1.86512914427861,0.0,0.7706614465720049,-5.461549228281178,-0.585084279325767,1861.4658050923297,stop,True
Research,51,-1,1777509000,1777509300,1777509900,72.155,72.32000000000001,71.82499999999999,72.33500000000001,25.79815404465844,9.307329025461648,6.507455366995029,-4.643667728038695,1.863787638956349,0.0,0.7739446213397825,-6.507455366995044,-0.6991753863211332,1854.9583497253345,stop,False
Research,52,-1,1777511700,1777512000,1777512300,72.515,72.7,72.145,72.715,25.58033992588202,9.274791748626672,6.973584368894385,-5.1160679851764765,1.857516383717923,0.0,0.7674101977764897,-6.973584368894399,-0.7518858167275815,1847.9847653564402,stop,False
Research,53,-1,1777619700,1777620000,1777621500,73.605,73.72,73.37500000000001,73.39000000000001,25.106783035886693,9.239923826782201,5.113498500918915,5.397958352715368,1.8452857861800824,0.0,0.7532034910766293,3.5526725665352856,0.3844915426940811,1851.5374379229754,target,False
Research,54,-1,1777634700,1777635000,1777636500,73.575,73.72,73.28500000000001,73.735,25.16530666561978,9.257687189614877,5.87999972895529,-4.0264490664990795,1.8535506624562248,0.0,0.754959199968622,-5.879999728955305,-0.6351478083588084,1845.65743819402,stop,False
Research,55,-1,1777680600,1777681200,1777681800,75.395,75.45,75.28499999999998,75.465,24.479838692141655,9.2282871909701,3.5601029409983282,-1.7135887084500967,1.846514232548245,0.0,0.7343951607642775,-3.560102940998342,-0.385781550500716,1842.0973352530216,stop,False
Research,56,1,1777846800,1777847700,1777852500,75.895,75.46000000000001,76.76499999999997,75.705,17.521423471503635,9.210486676265107,9.210486676265107,-3.3290704595856506,1.3281238991399755,0.0,0.5256427041451289,-4.657194358725626,-0.5056404207963241,1837.440140894296,session_end,False
Research,57,-1,1777860000,1777860300,1777861200,75.705,75.87,75.37499999999999,75.38999999999999,24.271053971260763,9.187200704471481,6.208414250578799,7.64538200094743,1.8336174498938225,0.0,0.7281316191378505,5.811764551053608,0.6325936199722924,1843.2519054453498,target,False
Research,58,-1,1777863300,1777863600,1777863900,75.675,75.83,75.365,75.845,24.357474799409975,9.21625952722675,5.986093006703023,-4.1407707158997376,1.8453222908032996,0.0,0.7307242439823269,-5.986093006703037,-0.6495143706640282,1837.265812438647,stop,False
Research,59,-1,1777943700,1777944000,1777944600,72.955,73.08,72.705,72.72,25.18354893343358,9.186329062193234,5.364725511544689,5.918133999356877,1.8343067454389685,0.0,0.7555064680030361,4.083827253917908,0.4445548625865243,1841.3496396925648,target,False
Research,60,1,1777956900,1777957200,1777957200,72.905,72.77,73.17500000000001,72.755,25.256836152425276,9.206748198462824,5.627980799845054,-3.788525422863935,1.8394553769811328,0.0,0.757705084572787,-5.6279807998450675,-0.6112886633290053,1835.7216588927197,stop,True
Research,61,1,1778032500,1778032800,1778034300,74.94500000000001,74.81,75.21500000000002,74.795,24.494251236142766,9.178608294463599,5.508022275471549,-3.674137685421554,1.833884590050009,0.0,0.7348275370843108,-5.508022275471563,-0.6000934018280224,1830.213636617248,stop,False
Research,62,-1,1778074500,1778074800,1778075400,77.135,77.4,76.605,77.415,23.727408266250702,9.15106818308624,8.477209788324734,-6.643674314550224,1.833535473774523,0.0,0.711822247987548,-8.477209788324746,-0.9263628702923474,1821.7364268289232,stop,False
Research,63,1,1778152500,1778152800,1778153100,80.44500000000001,80.32000000000001,80.69500000000001,80.68,22.645738415425733,9.108682134144615,4.990554603299446,5.321748527625035,1.8243973010927357,0.0,0.6793721524627977,3.497351226532299,0.38395798371558065,1825.2337780554556,target,False
Research,64,-1,1778221500,1778222100,1778224500,80.465,80.76,79.875,79.89,22.683573952096634,9.126168890277278,8.860657657168026,13.04305502245563,1.818712250544228,0.0,0.6805072185629248,11.2243427719114,1.2299074131610088,1836.4581208273669,target,False
Research,65,1,1778230800,1778231100,1778233800,80.285,80.11,80.63499999999999,80.095,22.874237040883937,9.182290604136835,6.1803901060763655,-4.346105037767896,1.8342850683084828,0.0,0.6862271112265441,-6.180390106076379,-0.6730771626082026,1830.2777307212905,stop,False
Research,66,1,1778425800,1778426100,1778427000,81.265,81.17,81.455,81.155,22.522337177398516,9.151388653606453,4.306496091690345,-2.4774570895138237,1.8290390021765335,0.0,0.6756701153219811,-4.306496091690358,-0.47058389220451463,1825.9712346296,stop,False
Research,67,-1,1778455200,1778455500,1778455500,80.285,80.39,80.07499999999999,80.405,22.743616299801957,9.129856173148001,4.556569807583914,-2.7292339559763383,1.8273358516075882,0.0,0.6823084889940846,-4.5565698075839265,-0.49908451142804894,1821.4146648220162,stop,True
Research,68,1,1778473200,1778473500,1778473800,80.565,80.36,80.975,80.345,22.60801420991766,9.10707332411008,6.792690909440772,-4.97376312618186,1.8189277832589252,0.0,0.6782404262975554,-6.792690909440784,-0.7458697945758055,1814.6219739125754,stop,False
Research,69,1,1778473800,1778474700,1778477100,80.505,80.25,81.01499999999999,80.235,22.540487844389485,9.073109869562877,7.897510726038641,-6.085931717985071,1.811579008053583,0.0,0.6762146353317102,-7.897510726038654,-0.8704304080491796,1806.724463186537,stop,False
Research,70,-1,1778554500,1778554800,1778559300,86.275,86.49,85.84500000000003,86.505,20.941460019548384,9.033622315932686,6.625668535584688,-4.816535804495914,1.809132731088785,0.0,0.6282438005864753,-6.625668535584699,-0.7334453781512367,1800.0987946509522,stop,False
Research,71,1,1778562900,1778563800,1778563800,85.955,85.71000000000001,86.44499999999998,85.69500000000001,20.942339534069596,9.00049397325476,7.242384569369416,-5.445008278857904,1.7973762905115231,0.0,0.6282701860221117,-7.2423845693694275,-0.8046652318073199,1792.8564100815827,stop,True
Research,72,1,1778633400,1778633700,1778634000,87.47500000000001,87.24,87.94500000000004,87.225,20.495643441915774,8.964282050407913,6.914205315130566,-5.123910860479235,1.790294454651343,0.0,0.6148693032574966,-6.9142053151305785,-0.7713060874535906,1785.942204766452,stop,False
Research,73,1,1778634000,1778634600,1778635500,87.69500000000001,87.17,88.74500000000002,87.155,14.232316251077307,8.92971102383226,8.92971102383226,-7.685450775581835,1.2442602482504337,0.0,0.4269694875323354,-8.929711023832269,-1.0000000000000009,1777.0124937426199,stop,False
Research,74,1,1778727000,1778727300,1778727900,87.205,86.84,87.93499999999999,86.825,19.02521860906651,8.8850624687131,8.8850624687131,-7.229583071445187,1.6554793972679225,0.0,0.5707565582720169,-8.88506246871311,-1.000000000000001,1768.127431273907,stop,False
Research,75,-1,1778772300,1778772600,1778772600,85.135,85.3,84.80500000000002,85.315,20.768513904667962,8.840637156369535,5.508329100365395,-3.7383325028400796,1.7699965975253273,0.0,0.6230554171400625,-5.5083291003654065,-0.6230692429670349,1762.6191021735415,stop,True
Research,76,-1,1778813100,1778813400,1778813400,81.235,81.48,80.74499999999999,81.495,21.697779309085266,8.813095510867708,7.406862433845991,-5.64142262036228,1.7654398134837228,0.0,0.6509333792725827,-7.406862433846003,-0.8404382347510436,1755.2122397396954,stop,True
Research,77,-1,1778813700,1778814000,1778821200,81.455,81.74,80.885,80.9,21.54824430347671,8.776061198698477,8.222917767428157,11.959275588429415,1.7492326019454807,0.0,0.6464473291043258,10.210042986483934,1.163396967650832,1765.4222827261794,target,False
Research,78,1,1778912700,1778913600,1778913600,76.08500000000001,75.98,76.29500000000002,75.965,23.20328951470302,8.827111413630897,4.548424827119752,-2.784394741764468,1.764030085355297,0.0,0.696098685441117,-4.548424827119765,-0.5152789643162372,1760.8738578990597,stop,True
Research,79,-1,1779071100,1779071400,1779072000,75.175,75.46000000000001,74.60499999999998,75.47500000000001,23.42366289190635,8.804369289495298,8.791486274905003,-7.027098867572171,1.7643874073328458,0.0,0.7027098867572171,-8.791486274905017,-0.9985367475889895,1752.0823716241546,stop,False
Research,80,-1,1779072000,1779072300,1779072300,75.235,75.55,74.605,75.565,21.609304040751905,8.760411858120774,8.760411858120774,-7.131070333448092,1.6293415246726934,0.0,0.6482791212225817,-8.760411858120785,-1.000000000000001,1743.3219597660336,stop,True
Research,81,1,1779154200,1779154500,1779156300,77.325,76.94,78.09500000000001,76.925,18.26902761085685,8.716609798830168,8.716609798830168,-7.307611044342844,1.4089987544873344,0.0,0.5480708283257263,-8.716609798830177,-1.000000000000001,1734.6053499672034,stop,False
Research,82,1,1779156600,1779157200,1779157500,76.905,76.66,77.39500000000001,76.645,22.555170014527057,8.673026749836017,7.596017381642453,-5.864344203777151,1.7316731778653147,0.0,0.6766551004358373,-7.596017381642465,-0.8758208178922179,1727.009332585561,stop,False
Research,83,1,1779235500,1779235800,1779236400,74.305,73.99,74.93500000000003,73.975,21.36647365498973,8.635046662927804,8.635046662927804,-7.050936306146878,1.5841103567809385,0.0,0.6409942096497162,-8.635046662927817,-1.0000000000000013,1718.3742859226331,stop,False
Research,84,-1,1779253500,1779253800,1779254400,73.925,74.15,73.47499999999998,74.165,23.244833086542215,8.591871429613166,7.2999236066633495,-5.578759940770343,1.7211636658930183,0.0,0.6973449925962929,-7.299923606663361,-0.8496313831586313,1711.07436231597,stop,False
Research,85,-1,1779326100,1779326400,1779327000,76.565,76.85000000000001,75.99499999999998,76.86500000000001,22.347996634440932,8.55537181157985,8.418825552143657,-6.704398990332534,1.7144265618111363,0.0,0.6704398990332534,-8.41882555214367,-0.9840397048259946,1702.6555367638261,stop,False
Research,86,-1,1779327000,1779327300,1779330600,76.595,77.01,75.76499999999999,75.77999999999999,16.79776974372847,8.513277683819132,8.513277683819132,13.690182341138904,1.2797800823503127,0.0,0.5039330923118732,12.410402258788592,1.4577701702807815,1715.0659390226147,target,False
Research,87,-1,1779469800,1779470100,1779470400,76.105,76.21000000000001,75.895,75.91,22.535522488964123,8.575329695113073,4.4206807690477365,4.39442688534817,1.7128687255799406,0.0,0.6760656746689493,2.6815581597682296,0.31270612968926453,1717.7474971823829,target,False
Research,88,1,1779573300,1779573600,1779578700,76.935,76.77,77.26500000000001,77.25000000000001,22.327256738576498,8.588737485911915,5.734644257019821,7.0330858726518635,1.721264040118709,0.0,0.6698177021573203,5.3118218325331545,0.6184636381361198,1723.0593190149161,target,False
Research,89,1,1779582300,1779582600,1779582600,77.385,77.29,77.575,77.275,22.266063436259174,8.61529659507458,4.171101663514406,-2.4492669779884966,1.7218346855259221,0.0,0.6679819030878005,-4.171101663514419,-0.4841506751954499,1718.8882173514019,stop,True
Research,90,1,1779582600,1779583500,1779583500,77.425,77.28,77.71499999999999,77.265,22.200687340670353,8.59444108675701,5.269222136871317,-3.552109974507181,1.7171121623641485,0.0,0.6660206202201359,-5.2692221368713295,-0.6130965450435818,1713.6189952145305,stop,True
Research,91,-1,1779695400,1779696000,1779698100,77.895,78.02,77.645,78.035,21.999088455157978,8.568094976072652,4.795031315128509,-3.0798723837221296,1.7151589314063918,0.0,0.6599726536547643,-4.795031315128521,-0.5596379741960347,1708.823963899402,stop,False
Research,92,-1,1779698700,1779699000,1779702300,77.995,78.13,77.72500000000002,78.145,21.909403986145293,8.544119819497011,4.996877767119958,-3.286410597921607,1.710467169198363,0.0,0.6572821195843837,-4.99687776711997,-0.5848323610487632,1703.8270861322821,stop,False
Research,93,-1,1779761700,1779762000,1779762600,76.685,76.78,76.495,76.795,22.218518434273744,8.51913543066141,4.149086132416254,-2.4440370277700993,1.705049104646167,0.0,0.6665555530282375,-4.149086132416267,-0.48703136206559156,1699.677999999866,stop,False
Research,94,1,1779774300,1779774900,1779779100,76.635,76.44,77.02500000000002,76.425,22.178873882688926,8.498389999999329,6.354912733607022,-4.657563515364851,1.6973492182421834,0.0,0.6653662164806929,-6.354912733607034,-0.747778430221199,1693.3230872662589,stop,False
Research,95,1,1779849600,1779849900,1779859800,76.825,76.63,77.21500000000002,76.615,22.04130279552566,8.466615436331294,6.319682337533281,-4.628673587060564,1.6910087504727287,0.0,0.6612390838657949,-6.319682337533292,-0.7464236902050321,1687.0034049287256,stop,False
Research,96,1,1779860700,1779861000,1779862500,76.015,75.73,76.585,75.715,22.193033018861087,8.435017024643628,8.341584355634147,-6.657909905658263,1.6836744499758964,0.0,0.6657909905658578,-8.34158435563416,-0.9889232388344331,1678.6618205730913,stop,False
Research,97,-1,1779945900,1779946200,1779946200,72.135,72.25,71.90500000000002,72.265,23.271114168892925,8.393309102865457,4.705419284950031,-3.0252448419559745,1.6801744429940695,0.0,0.6981334250668142,-4.705419284950044,-0.5606155125805654,1673.9564012881413,stop,True
Research,98,-1,1779950100,1779950400,1779950700,73.155,73.3,72.86500000000001,73.315,22.8823238505658,8.369782006440706,5.336958803286624,-3.66117181609045,1.6757869871961866,0.0,0.686469715517,-5.336958803286636,-0.6376460939101813,1668.6194424848545,stop,False
Research,99,1,1780019400,1780019700,1780020300,76.175,76.0,76.52499999999999,75.985,21.90507965191801,8.343097212424272,5.828503593782282,-4.161965133864372,1.6665384599179225,0.0,0.6571523895575653,-5.828503593782295,-0.6986019035116449,1662.7909388910723,stop,False
Research,100,1,1780020600,1780020900,1780021500,76.055,75.89,76.38500000000002,75.875,21.86300623089964,8.313954694455362,5.596164389892364,-3.935341121562084,1.6608232683302913,0.0,0.6558901869270141,-5.596164389892375,-0.6731049898100238,1657.1947745011798,stop,False
Research,101,-1,1780270200,1780270500,1780271100,75.465,75.68,75.035,75.69500000000001,21.95977969258835,8.285973872505899,6.710469478461222,-5.0507493292954075,1.6597201491658276,0.0,0.6587933907776754,-6.710469478461235,-0.8098588749751645,1650.4843050227187,stop,False
Research,102,-1,1780327200,1780327500,1780327500,74.675,74.77,74.485,74.785,22.102233746537912,8.252421525113594,4.082945639997923,-2.431245712119158,1.651699927878778,0.0,0.6630670123961625,-4.082945639997936,-0.4947572815533965,1646.4013593827206,stop,True
Research,103,-1,1780328100,1780328400,1780330500,75.165,75.37,74.75500000000001,74.77000000000001,21.90382969976346,8.232006796913604,6.4676533145976185,8.65201273140648,1.6420753530170173,-0.16434443423732523,0.6571148909929286,7.174281812626787,0.8715106765116635,1653.5756411953473,target,False
Research,104,1,1780392600,1780393500,1780394400,76.525,76.37,76.83500000000001,76.355,21.608306320749392,8.267878205976738,5.325151009685505,-3.6734120745274335,1.6517389351580838,0.0,0.6482491896225063,-5.325151009685517,-0.6440770989872634,1648.2504901856619,stop,False
Research,105,1,1780406400,1780407300,1780408800,76.175,75.94,76.645,75.925,21.637682838013284,8.24125245092831,7.05496648933422,-5.409420709503321,1.6455457798309103,0.0,0.6491304851404232,-7.054966489334231,-0.8560551361995405,1641.1955236963277,stop,False
Research,106,1,1780448700,1780449000,1780449900,74.805,74.44,75.53500000000003,74.425,18.05038905113442,8.205977618481638,8.205977618481638,-6.859147839431254,1.346829779050395,0.0,0.5415116715340531,-8.205977618481649,-1.0000000000000013,1632.989546077846,stop,False
Research,107,-1,1780476000,1780476600,1780476600,74.375,74.47,74.185,74.485,21.956161964071878,8.16494773038923,4.049374951033752,-2.415177816047894,1.63419713498587,0.0,0.6586848589221813,-4.049374951033764,-0.49594621848739345,1628.9401711268124,stop,True
Research,108,-1,1780546500,1780547100,1780547100,73.765,73.85000000000001,73.59499999999998,73.86500000000001,22.08283293061496,8.144700855634062,3.838327605835015,-2.208283293061684,1.630044312773343,0.0,0.6624849879184739,-3.838327605835027,-0.4712668609774514,1625.1018435209774,stop,True
Research,109,1,1780550700,1780551000,1780551000,73.625,73.54,73.79499999999999,73.525,22.07269057413891,8.125509217604886,3.831267266406024,-2.2072690574137654,1.6239982089922704,0.0,0.6621807172241924,-3.831267266406036,-0.47151103565363484,1621.2705762545713,stop,True
Research,110,1,1780620600,1780620900,1780620900,73.645,73.51,73.91499999999998,73.495,22.014672771465428,8.106352881272857,4.921820391516325,-3.3022009157196264,1.6196194757967115,0.0,0.6604401831439879,-4.921820391516338,-0.6071559508452481,1616.348755863055,stop,True
Research,111,1,1780622700,1780623000,1780626600,73.015,72.60000000000001,73.84499999999998,72.58500000000001,16.073476092512735,8.081743779315275,8.081743779315275,-6.911594719780357,1.170149059534927,0.0,0.48220428277540034,-8.081743779315284,-1.000000000000001,1608.2670120837397,stop,False
Research,112,1,1780813500,1780814100,1780816200,68.565,68.35000000000001,68.99499999999998,68.33500000000001,23.456092934933856,8.0413350604187,7.000470936430757,-5.394901375034547,1.6055695613962226,0.0,0.7036827880480424,-7.00047093643077,-0.870560781739925,1601.266541147309,stop,False
Research,113,1,1780835700,1780836000,1780841700,68.19500000000001,68.07000000000001,68.44500000000001,68.43,23.480703000913685,8.006332705736545,4.8869213120651604,5.517965205214702,1.6040255237499164,0.0,0.7044210900274372,3.913939681464786,0.48885548793899664,1605.1804808287739,target,False
Research,114,-1,1780891200,1780891500,1780891500,67.845,68.07000000000001,67.39499999999998,68.08500000000001,23.659525106179878,8.025902404143869,7.286305649324888,-5.678286025483386,1.6080196238415154,0.0,0.7097857531854233,-7.286305649324902,-0.9078487729383422,1597.894175179449,stop,True
Research,115,-1,1780899900,1780900200,1780903200,67.255,67.41,66.945,67.425,23.75874173190765,7.989470875897244,5.63889976265099,-4.038986094424342,1.599913668226661,0.0,0.7127622519572565,-5.638899762651002,-0.7057913909746538,1592.2552754167978,stop,False
Research,116,-1,1780968900,1780969200,1780970700,68.19500000000001,68.38,67.82500000000003,67.84000000000003,23.348563317205038,7.961276377083989,6.264302795189247,8.288739977607218,1.5881109054279943,0.0,0.7004568995161776,6.700629072179224,0.8416526138279214,1598.955904488977,target,False
Research,117,1,1781004900,1781005200,1781007300,68.605,68.52,68.77500000000002,68.505,23.306696370366254,7.994779522444885,3.9284602067072694,-2.330669637036824,1.5977905696704586,0.0,0.6992008911110141,-3.9284602067072827,-0.49137817943301076,1595.02744428227,stop,False
Research,118,1,1781104200,1781104800,1781104800,64.635,64.41,65.08500000000002,64.395,24.677457171536627,7.97513722141135,7.514655870590686,-5.922589721169015,1.5920661494216857,0.0,0.7403237151461268,-7.5146558705907,-0.942260385240223,1587.5127884116794,stop,True
Research,119,1,1781109000,1781109300,1781109900,65.08500000000001,64.84,65.57500000000002,64.825,24.391377251466224,7.937563942058397,7.9260999947503175,-6.341758085381343,1.5843419093689888,0.0,0.7317413175440145,-7.9260999947503326,-0.9985557348083433,1579.586688416929,stop,False
Research,120,-1,1781139000,1781139900,1781139900,63.405,63.6,63.015,63.615,24.91265181636983,7.897933442084645,6.81385939829532,-5.231656881437686,1.582202516857648,0.0,0.7473795544911233,-6.8138593982953335,-0.8627395315826855,1572.7728290186337,stop,True
Research,121,1,1781148300,1781148600,1781151000,63.315000000000005,63.06,63.82500000000001,63.81000000000001,23.60244956207788,7.863864145093169,7.863864145093169,11.683212533228657,1.5002307002895754,0.0,0.7080734868623633,10.182981832939081,1.2949081577525696,1582.9558108515728,target,False
Research,122,1,1781225700,1781226000,1781226000,67.455,67.19,67.985,67.175,22.788474595850598,7.914779054257864,7.914779054257864,-6.380772886838193,1.534006167419683,0.0,0.6836542378755438,-7.914779054257877,-1.0000000000000016,1575.0410317973149,stop,True
Research,123,-1,1781230200,1781230500,1781232600,67.065,67.22,66.755,67.235,23.485290864047045,7.875205158986574,5.569536728408783,-3.9924994468880377,1.577037281520759,0.0,0.7045587259214381,-5.569536728408797,-0.7072243346007656,1569.471495068906,stop,False
Research,124,1,1781485500,1781485800,1781488800,70.145,69.92,70.59499999999998,70.57999999999998,22.374673819501123,7.8473574753445305,6.9367082508907085,9.73298311148272,1.5743379866246476,0.0,0.6712402145850591,8.158645124858072,1.039667830921628,1577.6301401937642,target,False
Research,125,1,1781499900,1781500200,1781501400,70.565,70.44,70.815,70.425,22.357119537926227,7.888150700968821,4.706061877135782,-3.1299967353096845,1.5760651418261094,0.0,0.6707135861378122,-4.706061877135793,-0.5965988804648212,1572.9240783166283,stop,False
Research,126,-1,1781577300,1781577600,1781578200,69.405,69.54,69.13499999999999,69.555,22.662979300001847,7.864620391583141,4.974070696764521,-3.399446895000406,1.5746238017641285,0.0,0.6798893790000812,-4.974070696764534,-0.6324616382105199,1567.9500076198638,stop,False
Research,127,-1,1781579100,1781579700,1781580300,69.555,69.67,69.32500000000002,69.685,22.54259230278001,7.839750038099319,4.499952275480831,-2.930536999361299,1.5694152761195446,0.0,0.676277769083426,-4.499952275480844,-0.5739918050463532,1563.450055344383,stop,False
Research,128,-1,1781675400,1781675700,1781683800,70.355,70.52,70.02500000000002,70.04000000000002,22.222301973482807,7.817250276721915,5.565464417748725,7.0000251216467175,1.5599500427835595,-0.15566722532424707,0.6666690592045095,5.5957423041874055,0.715819771160496,1569.0457976485704,target,False
Research,129,-1,1781688600,1781689200,1781702400,69.985,70.18,69.59499999999998,70.19500000000001,22.419744197307573,7.8452289882428525,6.279546152224044,-4.708146281434769,1.571399870789288,0.0,0.6725923259192527,-6.279546152224057,-0.8004286632850125,1562.7662514963465,stop,False
Research,130,1,1781747400,1781747700,1781750400,69.505,69.36,69.79499999999999,69.345,22.484227774927653,7.813831257481732,5.158443957262688,-3.5974764439883478,1.5609675132743523,0.0,0.6745268332478551,-5.1584439572627,-0.6601683332134282,1557.607807539084,stop,False
Research,131,-1,1781767200,1781767500,1781767800,68.995,69.11,68.76500000000001,68.78000000000002,22.575662113763084,7.7880390376954205,4.493911300365564,4.853767354458819,1.5551809238618546,0.0,0.6772698634129182,3.2985864305969645,0.42354518443362327,1560.906393969681,target,False
Research,132,-1,1781850300,1781850600,1781850600,64.085,64.21000000000001,63.834999999999965,64.22500000000001,24.35681351282954,7.804531969848405,4.972565262712061,-3.4099538917964956,1.5626113709155791,0.0,0.7307044053849139,-4.972565262712075,-0.6371381758602318,1555.9338287069688,stop,True
Research,133,1,1781893800,1781894400,1781905200,64.855,64.78,65.00500000000001,64.765,23.990961818008923,7.779669143534845,3.7140407990460296,-2.159186563620885,1.5548542354251582,0.0,0.719728854540295,-3.7140407990460433,-0.4774034384396065,1552.2197879079226,stop,False
Research,134,1,1782093300,1782093900,1782095400,66.145,65.91,66.615,65.895,23.466925510740385,7.761098939539614,7.4160177999041625,-5.866731377685096,1.54928642221908,0.0,0.7040077653222382,-7.416017799904177,-0.9555370776324742,1544.8037701080184,stop,False
Research,135,-1,1782108600,1782109500,1782109500,66.535,66.69,66.225,66.705,23.21791192767744,7.724018850540092,5.493822320327063,-3.9470450277052045,1.5467772926218712,0.0,0.6965373578303496,-5.493822320327076,-0.7112647478770624,1539.3099477876913,stop,True
Research,136,-1,1782175500,1782176100,1782176400,64.985,65.12,64.71499999999999,65.135,23.68715777160408,7.696549738938456,5.094160150361295,-3.553073665740747,1.5410864846205616,0.0,0.7106147331481494,-5.094160150361309,-0.6618758174963628,1534.2157876373299,stop,False
Research,137,-1,1782192900,1782193200,1782195900,62.925000000000004,63.18,62.41500000000001,62.430000000000014,23.03212315554781,7.67107893818665,7.67107893818665,11.400900961995944,1.4435958990818483,0.0,0.6909636946664606,9.957305062914095,1.2980318861466287,1544.173092700244,target,False
Research,138,-1,1782262200,1782262500,1782262800,61.595,61.83,61.125,61.14,24.76859188855779,7.72086546350122,7.72086546350122,11.269709309293752,1.5199865627210702,0.0,0.7430577566567619,9.749722746572681,1.2627758886179872,1553.922815446817,target,False
Research,139,1,1782270900,1782271200,1782273900,61.325,61.13,61.715,61.115,25.33914089599375,7.769614077234085,6.872481793811432,-5.321219588158709,1.5512622056527374,0.0,0.7601742268798414,-6.872481793811447,-0.8845332246229135,1547.0503336530055,stop,False
Research,140,1,1782366300,1782366600,1782369000,57.265,57.07,57.655,57.055,27.01563491928762,7.735251668265028,7.217497025036889,-5.673283333050423,1.5442136919864804,0.0,0.8104690475786593,-7.217497025036904,-0.9330655723391281,1539.8328366279686,stop,False
Research,141,1,1782370800,1782371100,1782373200,56.945,56.72,57.395,56.705,25.938395293994123,7.699164183139843,7.699164183139843,-6.225214870558641,1.4739493125812162,0.0,0.7781518588198532,-7.699164183139858,-1.0000000000000018,1532.1336724448286,stop,False
Research,142,-1,1782450900,1782451200,1782451500,56.535000000000004,56.78,56.04500000000001,56.795,24.19171162655868,7.660668362224143,7.6606683622241425,-6.289845022905208,1.3708233393189477,0.0,0.7257513487967878,-7.660668362224156,-1.0000000000000016,1524.4730040826043,stop,False
Research,143,1,1782461100,1782461700,1782464400,57.925000000000004,57.74,58.29500000000001,57.725,26.3180492720346,7.622365020413022,6.785451053562381,-5.263609854406995,1.5218411991554008,0.0,0.7895414781610679,-6.7854510535623955,-0.8902028485110154,1517.687553029042,stop,False
Research,144,1,1782686100,1782686400,1782690900,58.755,58.56,59.145,58.755,25.83078126166355,7.58843776514521,6.93943938594592,0.0,1.517687553029042,0.0,0.7749234378499359,-1.517687553029042,-0.19999999999999998,1516.1698654760128,session_end,False
Research,145,1,1782741300,1782741600,1782741600,58.285000000000004,58.13,58.595000000000006,58.115,26.01303706744467,7.580849327380064,5.936175058790904,-4.422216301465639,1.51395875732528,0.0,0.7803911120233697,-5.936175058790919,-0.7830488118727004,1510.2336904172219,stop,True
Research,146,1,1782755100,1782755400,1782756900,58.235,58.14,58.425,58.41,25.933436771996597,7.5511684520861095,4.361485396314358,4.53835143509933,1.5125028661347715,0.0,0.7780031031599274,3.025848568964559,0.40071262986175715,1513.2595389861863,target,False
Research,147,1,1782780300,1782780600,1782780900,57.825,57.63,58.215,57.615,26.169641832878273,7.566297694930931,7.006136511498179,-5.49562478490446,1.510511726593734,0.0,0.7850892549863779,-7.006136511498194,-0.9259662775616112,1506.253402474688,stop,False
Research,148,1,1782790800,1782791400,1782791700,57.435,57.300000000000004,57.705,57.285000000000004,26.22535740358123,7.531267012373441,5.438090111206552,-3.933803610537147,1.5042865006694197,0.0,0.7867607221074667,-5.4380901112065665,-0.7220684251762812,1500.8153123634816,stop,False
Research,149,-1,1782872700,1782873000,1782873000,57.845,57.95,57.63499999999999,57.965,25.94546308865903,7.504076561817408,4.615827610787988,-3.1134555706392013,1.502372040148801,0.0,0.7783638926598003,-4.615827610788003,-0.6151093439363974,1496.1994847526935,stop,True
Research,150,-1,1782875700,1782876000,1782882000,57.975,58.14,57.645,57.660000000000004,25.807666834889062,7.480997423763467,6.143902205047843,8.129415052989996,1.4921347772261986,0.0,0.7742300050467013,6.637280275763798,0.8872186287192677,1502.8367650284572,target,False
Research,151,1,1782977100,1782977700,1782978300,59.785000000000004,59.65,60.055000000000014,59.635,25.13735493900572,7.514183825142286,5.271554704259018,-3.7706032408510013,1.5009514634080316,0.0,0.7541206481702002,-5.271554704259033,-0.7015472108388582,1497.5652103241982,stop,False
Research,152,1,1782979200,1782979500,1782980400,59.575,59.38,59.965,59.95,25.13747730296598,7.487826051620991,6.77379600883025,9.426553988612243,1.5022784873185044,0.0,0.754124319089008,7.924275501293739,1.0582878724297105,1505.4894858254918,target,False
Research,153,1,1783049400,1783049700,1783050000,62.425000000000004,62.300000000000004,62.675000000000004,62.285000000000004,24.11677189948725,7.527447429127459,4.880149377720743,-3.376348065928229,1.5038013117925275,0.0,0.723503156984645,-4.880149377720756,-0.6483139767721283,1500.609336447771,stop,False
Research,154,-1,1783065900,1783066200,1783074900,62.815,62.97,62.504999999999995,62.519999999999996,23.88934707391182,7.503046682238855,5.563828933514091,7.047357386804028,1.497085657754369,0.0,0.7166804122173818,5.550271729049658,0.739735731911173,1506.1596081768207,target,False
Research,155,-1,1783202100,1783202400,1783207500,62.745,62.88,62.47499999999999,62.895,24.00445626228099,7.530798040884104,5.108628381738763,-3.600668439342285,1.5079599423964918,0.0,0.720133687868457,-5.108628381738777,-0.6783648099450337,1501.050979795082,stop,False
Research,156,1,1783220400,1783220700,1783242000,62.665,62.6,62.794999999999995,62.779999999999994,23.9535782301936,7.5052548989754095,3.4163790950813078,2.754661496472141,1.502428310543318,0.15021288908154407,0.7186073469058352,1.1020202968472792,0.1468331604563788,1502.153000091929,target,False
Research,157,1,1783263600,1783263900,1783265400,62.945,62.85,63.135,63.12,23.864532529858273,7.510765000459645,4.12593902908717,4.17629319272513,1.5042411466882917,0.0,0.7159359758957753,2.6720520460368387,0.3557629676701793,1504.825052137966,target,False
Research,158,-1,1783308900,1783309200,1783315800,61.995,62.120000000000005,61.74499999999998,61.759999999999984,24.273329335236163,7.5241252606898295,4.904790292124669,5.7042323937808295,1.5019729359410756,0.0,0.7281998800571124,4.202259457839753,0.5585047181224732,1509.0273115958057,target,False
Research,159,-1,1783319400,1783319700,1783323000,61.915,62.03,61.684999999999995,62.045,24.37256418631682,7.545136557979029,4.679044872489152,-3.1684333442212487,1.5106115282679164,0.0,0.7311769255895323,-4.679044872489165,-0.6201405152224907,1504.3482667233166,stop,False
Research,160,-1,1783389300,1783390200,1783390200,61.465,61.65,61.09500000000001,61.665,24.474876217738817,7.521741333616583,6.4017709978927355,-4.894975243547659,1.5067957543450903,0.0,0.7342462865321924,-6.401770997892749,-0.8511022533148807,1497.9464957254238,stop,True
Research,161,-1,1783390500,1783390800,1783392600,61.595,61.74,61.30499999999999,61.31999999999999,24.31928721041357,7.489732478627119,5.390977992368505,6.68780398286387,1.4946025937339917,0.0,0.7295786163124347,5.193201389129879,0.6933760857212622,1503.1396971145537,target,False
Research,162,1,1783494900,1783495200,1783497600,60.655,60.53,60.905,60.515,24.781793703974177,7.515698485572768,4.970856090111661,-3.4694511185563988,1.5014049715552755,0.1503759241957153,0.7434538111192535,-5.121232014307389,-0.6814046657324229,1498.0184651002464,stop,False
Research,163,-1,1783529700,1783530000,1783530900,57.975,58.13,57.665,58.145,25.839042088835644,7.490092325501232,5.892851938779887,-4.392637155102103,1.5002147836777975,0.0,0.7751712626650987,-5.8928519387799,-0.7867529107373926,1492.1256131614664,stop,False
Research,164,-1,1783570200,1783570500,1783571400,57.885,57.980000000000004,57.694999999999986,57.995000000000005,25.77741406515447,7.460628065807332,4.329058918102196,-2.8355155471671605,1.49354337093505,0.0,0.7733224219546634,-4.329058918102211,-0.5802539518010075,1487.7965542433642,stop,False
Research,165,1,1783594200,1783594500,1783598700,58.935,58.800000000000004,59.205,59.19,25.244702710500793,7.438982771216821,5.272608608115146,6.437399191177588,1.491015253838953,0.0,0.7573410813150525,4.946383937338634,0.6649274624586254,1492.7429381807028,target,False
Research,166,1,1783687500,1783687800,1783688700,59.685,59.58,59.89500000000001,59.88000000000001,25.0103533246327,7.463714690903514,4.492484715937248,4.877018898303561,1.4951814476298546,0.0,0.7503105997390094,3.3818374506737063,0.4531037949233722,1496.1247756313767,target,False
Research,167,-1,1783901400,1783901700,1783902600,59.265,59.45,58.894999999999996,58.91,25.244660012340784,7.480623878156884,6.547581244100825,8.96185430438108,1.491643848479186,0.0,0.7573398003702522,7.470210455901893,0.9986079473551133,1503.5949860872786,target,False
Research,168,-1,1783926600,1783926900,1783928100,58.235,58.43,57.845,58.445,25.819438243106013,7.517974930436393,6.928388058155075,-5.422082031052285,1.5063060271028048,0.0,0.7745831472932098,-6.92838805815509,-0.9215763715978392,1496.6665980291236,stop,False
Research,169,-1,1783995600,1783996200,1783996200,57.635,57.730000000000004,57.444999999999986,57.745000000000005,25.96801592832695,7.483332990145619,4.354576591021301,-2.8564817521161343,1.4980948389051818,0.0,0.779040477849838,-4.354576591021316,-0.5819033573349754,1492.3120214381022,stop,True
Research,170,-1,1783996200,1783996500,1784004900,57.605000000000004,57.84,57.135000000000005,57.855000000000004,24.247100078609574,7.461560107190511,7.461560107190511,-6.061775019652393,1.3997850875381308,0.0,0.7274130023583147,-7.461560107190524,-1.0000000000000018,1484.8504613309117,stop,False
Research,171,-1,1784106600,1784106900,1784111100,58.394999999999996,58.52,58.14499999999998,58.15999999999998,25.427698627124098,7.424252306654559,5.046508208032365,5.9755091773745095,1.4818627067422243,0.0,0.7628309588137518,4.493646470632285,0.6052658618032832,1489.344107801544,target,False
Research,172,-1,1784119800,1784120100,1784120100,58.455,58.620000000000005,58.124999999999986,58.635000000000005,25.478472462604465,7.44672053900772,6.077762213592142,-4.586125043268978,1.4916371703231786,0.0,0.764354173878163,-6.077762213592156,-0.8161662817552197,1483.2663455879517,stop,True
Research,173,-1,1784192400,1784192700,1784196000,57.105,57.21,56.89499999999999,56.90999999999999,25.97436906729624,7.416331727939759,4.601749095807642,5.065001968122959,1.4807338446038902,0.0,0.7792310720189167,3.584268123519069,0.4832939322301284,1486.8506137114707,target,False
Research,174,1,1784218800,1784219400,1784222700,56.095,55.89,56.504999999999995,55.875,26.505938385087276,7.434253068557354,7.315241405208267,-5.8313064447191705,1.4839349604891112,0.0,0.7951781515526484,-7.3152414052082815,-0.9839914430876151,1479.5353723062624,stop,False
Research,175,1,1784270700,1784271000,1784271600,55.735,55.59,56.02499999999999,55.575,26.545893465618775,7.397676861531312,5.724754655327912,-4.247342954498913,1.477411700829013,0.0,0.7963768039685934,-5.724754655327926,-0.7738584372476777,1473.8106176509345,stop,False
Research,176,1,1784276700,1784277600,1784277600,55.535000000000004,55.34,55.925000000000004,55.325,26.53841032953875,7.369053088254673,7.044090253769477,-5.57306616920316,1.471024084566333,0.0,0.7961523098861927,-7.044090253769493,-0.9559016836229435,1466.766527397165,stop,True
Research,177,1,1784510700,1784511000,1784511600,56.615,56.47,56.90500000000001,56.455,25.907736949521592,7.333832636985825,5.609931820364739,-4.145237911923551,1.4646939084412032,0.0,0.7772321084856773,-5.6099318203647535,-0.7649386205069457,1461.1565955768,stop,False
Research,178,-1,1784533500,1784534100,1784534400,56.945,57.11,56.615,57.125,25.65908500442181,7.305782977884,6.082101214023103,-4.618635300795919,1.463465913227198,-0.14648771629024412,0.7697725501326835,-5.935613497732873,-0.8124541223988049,1455.2209820790672,stop,False
Research,179,1,1784622300,1784623200,1784623200,59.095,59.01,59.265,58.995,24.625111804366988,7.276104910395336,3.9165009069255685,-2.4625111804367337,1.4539897264888486,0.0,0.7387533541310376,-3.9165009069255823,-0.5382688890769148,1451.3044811721415,stop,True
Research,180,-1,1784644200,1784644500,1784645100,58.935,59.17,58.465,59.185,23.47933218747402,7.256522405860708,7.256522405860708,-5.869833046868505,1.3866893589922158,0.0,0.7043799656242473,-7.256522405860721,-1.0000000000000018,1444.0479587662808,stop,False
Research,181,1,1784692500,1784692800,1784692800,59.875,59.800000000000004,60.02499999999999,59.785000000000004,24.11771121112786,7.220239793831404,3.613556670763185,-2.1705940090014186,1.4429626617617801,0.0,0.7235313363338632,-3.6135566707631988,-0.500475991649257,1440.4344020955177,stop,True
Research,182,-1,1784711100,1784712000,1784720400,59.585,59.7,59.355,59.37,24.17444662407515,7.202172010477589,4.584683802255901,5.197506024176239,1.4378356490834296,0.0,0.725233398722282,3.75967037509281,0.5220189645045009,1444.1940724706105,target,False
Research,183,-1,1784814000,1784814300,1784850900,57.815,58.13,57.18499999999999,57.625,18.61170772295727,7.220970362353053,7.220970362353053,3.536224467361839,1.0742677697690937,-0.10735233014601754,0.5583512316887392,2.569309027738763,0.355812155265725,1446.7633814983492,session_end,False
Research,184,1,1784869200,1784869500,1784874000,57.465,57.32,57.75500000000001,57.74000000000001,25.176427068621756,7.233816907491746,5.47297759831242,6.923517443871126,1.4502251402202848,0.0,0.7552928120586813,5.473292303650841,0.7566257722091906,1452.236673802,target,False
Research,185,-1,1784922300,1784922600,1784933100,58.295,58.4,58.08500000000001,58.415,24.911856485153102,7.26118336901,4.443154163409404,-2.9894227782183087,1.4537313851911091,0.0,0.7473556945546214,-4.443154163409417,-0.6119049661205848,1447.7935196385906,stop,False
Research,186,1,1784962500,1784962800,1784979300,58.385000000000005,58.32,58.515000000000015,58.305,24.79735410873667,7.2389675981929535,3.430589954173294,-1.9837883286990674,1.446801625474241,0.14484134534913087,0.7439206232621283,-3.5754312995224398,-0.4939145328423581,1444.2180883390681,stop,False
Research,187,1,1785115500,1785116100,1785116100,59.755,59.58,60.10500000000001,59.565,24.16899152102867,7.221090441695341,6.034030423140121,-4.592108388995564,1.4419220341445702,0.0,0.7250697456308876,-6.034030423140134,-0.8356120826709222,1438.1840579159282,stop,True
Research,188,1,1785118200,1785118800,1785118800,59.765,59.69,59.915000000000006,59.675,24.063984906147883,7.190920289579641,3.6028598201485296,-2.1657586415533916,1.4371011785951515,0.0,0.7219195471844638,-3.6028598201485433,-0.5010290303689565,1434.5811980957797,stop,True
Research,189,-1,1785225900,1785226200,1785234000,57.585,57.76,57.23500000000001,57.25000000000001,24.91241118513119,7.172905990478898,6.1703060023332235,8.345657747018793,1.4304083692222704,0.0,0.7473723355539641,6.915249377796522,0.9640791872883345,1441.4964474735762,target,False
Research,190,-1,1785240300,1785240600,1785241200,57.415,57.52,57.20499999999999,57.535000000000004,25.106617564636004,7.207482237367881,4.455796952283875,-3.0127941077564344,1.4430028445274543,0.0,0.7531985269391086,-4.4557969522838885,-0.6182182356527198,1437.0406505212923,stop,False
Research,191,1,1785296400,1785296700,1785297300,57.575,57.46,57.80500000000001,57.445,24.959455501889572,7.1852032526064615,4.680147501159364,-3.2447292152457083,1.4354182859136695,0.0,0.7487836650567156,-4.680147501159378,-0.6513590968302303,1432.360503020133,stop,False
Research,192,1,1785313500,1785313800,1785318900,57.935,57.85,58.105000000000004,57.835,24.723578200054074,7.161802515100665,3.903482144115559,-2.472357820005443,1.4311243241101301,0.0,0.7417073460016503,-3.903482144115573,-0.5450418572538238,1428.4570208760174,stop,False
Research,193,1,1785370800,1785371100,1785371100,58.215,58.06,58.525000000000006,58.045,24.53761094006729,7.142285104380087,5.597765183757579,-4.171393859811481,1.4263713239461118,0.0,0.7361283282020465,-5.597765183757593,-0.7837498926393599,1422.8592556922597,stop,True
Research,194,1,1785414000,1785414300,1785414600,58.295,58.11,58.665000000000006,58.095,24.407912440042193,7.114296278461299,6.3020009524567495,-4.881582488008508,1.4204184644482556,0.0,0.7322373732012936,-6.302000952456764,-0.8858221116733951,1416.5572547398028,stop,False
Research,195,1,1785460500,1785460800,1785461400,58.905,58.77,59.175,58.755,24.048166619808214,7.082786273699014,5.021978635214501,-3.6072249929711977,1.4147536422433173,0.0,0.7214449985942738,-5.021978635214515,-0.7090399796282101,1411.5352761045883,stop,False
Research,196,1,1785461700,1785462300,1785464100,58.815000000000005,58.71,59.02500000000001,58.695,23.99957963282476,7.057676380522942,4.290044857265686,-2.87994955593908,1.4100953013266189,0.0,0.71998738898477,-4.290044857265698,-0.6078551389951696,1407.2452312473226,stop,False
Validation,1,-1,1785674100,1785674400,1785676800,58.525,58.6,58.37499999999999,58.615,34.17343015805211,10.0,5.077146518581899,-3.0756087142248068,2.0015378043571124,0.0,1.0252029047416023,-5.07714651858192,-0.507714651858192,1994.922853481418,stop,False
Validation,2,-1,1785681900,1785682200,1785688200,58.685,58.76,58.53500000000001,58.775,33.99374377577606,9.974614267407091,5.055889511771029,-3.0594369398197196,1.996452571951328,-0.1995092822200297,1.0198123132733206,-4.856380229551018,-0.486873988242298,1990.0664732518671,stop,False
Validation,3,-1,1785722400,1785722700,1785729900,58.295,58.4,58.08500000000001,58.415,34.13785870575293,9.950332366259335,6.088657789464458,-4.096543044690264,1.9921147447742125,0.0,1.0241357611726267,-6.088657789464477,-0.6119049661205849,1983.9778154624028,stop,False
Validation,4,1,1785735600,1785736500,1785738000,58.165,57.910000000000004,58.67499999999999,58.65999999999999,30.240798333421182,9.919889077312014,9.919889077312014,14.969195175043193,1.7664406326509647,0.0,0.9072239500026699,13.202754542392228,1.3309377191110456,1997.180570004795,target,False
Validation,5,1,1785831900,1785832200,1785832500,59.075,58.99,59.245000000000005,58.975,33.80754244612433,9.985902850023976,5.37624443749495,-3.380754244612481,1.9954901928824886,0.0,1.0142262733837684,-5.37624443749497,-0.5383834109183289,1991.8043255673,stop,False
Validation,6,1,1785848700,1785849600,1785849600,59.715,59.58,59.985000000000014,59.565,33.35517584471741,9.959021627836501,6.992579064086728,-5.003276376707801,1.989302687378946,0.0,1.00065527534156,-6.992579064086747,-0.7021351419241586,1984.8117465032133,stop,True
Validation,7,-1,1785890100,1785890400,1785891300,59.725,59.82,59.535000000000004,59.835,33.23251145254438,9.924058732516066,5.642215794412947,-3.655576259779863,1.986639534633103,0.0,0.9969753435763692,-5.642215794412966,-0.5685391377145229,1979.1695307088005,stop,False
Validation,8,-1,1785894300,1785894600,1785894900,59.875,59.980000000000004,59.66499999999999,59.995000000000005,33.05502347739124,9.895847653544003,5.947755649404524,-3.966602817287099,1.981152832117444,0.0,0.9916507043217747,-5.947755649404543,-0.6010354906054431,1973.221775059396,stop,False
Validation,9,-1,1786004100,1786004400,1786005000,61.985,62.11,61.735,62.125,31.833859402426327,9.86610887529698,6.432190461557252,-4.456740316339704,1.9754501452175657,0.0,0.955015782072826,-6.432190461557269,-0.6519480519480537,1966.7895845978387,stop,False
Validation,10,1,1786011300,1786011600,1786014000,61.945,61.81,62.214999999999996,61.795,31.750578490561605,9.833947922989195,6.726995064795225,-4.762586773584196,1.9644082912110465,0.0,0.9525173547168843,-6.726995064795242,-0.6840584389377626,1960.0625895330436,stop,False
Validation,11,1,1786076700,1786077000,1786077600,62.425000000000004,62.32,62.63500000000001,62.305,31.39867984834671,9.800312947665217,5.726020250543873,-3.767841581801748,1.9581786687421427,0.0,0.941960395450437,-5.726020250543891,-0.5842691229475516,1954.3365692824996,stop,False
Validation,12,1,1786097700,1786098300,1786098300,64.505,64.38,64.755,64.365,30.297443132819158,9.771682846412498,6.193857786857886,-4.2416420385947,1.9522157482632023,0.0,0.9089232939846091,-6.193857786857902,-0.6338578404774842,1948.1427114956416,stop,True
Validation,13,1,1786164000,1786164300,1786165800,63.875,63.82,63.985,63.805,30.49929881010789,9.740713557478209,4.082026152744832,-2.134950916707561,1.9470752360372878,0.0,0.9149789643032714,-4.082026152744849,-0.4190684931506858,1944.0606853428967,stop,False
Validation,14,-1,1786317900,1786318200,1786318500,63.985,64.08,63.795,63.81,30.383069240335963,9.720303426714484,5.287869370588036,5.317037117058708,1.9414021667843673,0.0,0.9114920772101135,3.3756349502743404,0.3472767054778375,1947.436320293171,target,False
Validation,15,1,1786322100,1786322400,1786322700,63.765,63.61,64.075,63.595,30.540834631744232,9.737181601465856,7.136782236746027,-5.191941887396571,1.9448403493494726,0.0,0.9162250389523617,-7.136782236746043,-0.7329412687210903,1940.299538056425,stop,False
Validation,16,1,1786322700,1786323000,1786323000,63.695,63.58,63.925000000000004,63.565,30.462352430432922,9.701497690282125,5.898425301104788,-3.960105815956358,1.9383194851484467,0.0,0.9138705729130223,-5.898425301104805,-0.6079912081011148,1934.4011127553201,stop,True
Validation,17,-1,1786464000,1786464300,1786464600,64.955,65.08,64.705,65.095,29.780634481646064,9.672005563776601,6.105774584599485,-4.169288827430466,1.9364857571690353,0.0,0.8934190344494158,-6.1057745845995015,-0.6312831960588117,1928.2953381707205,stop,False
Validation,18,-1,1786559100,1786559700,1786560300,65.565,65.69,65.315,65.705,29.41043755312622,9.641476690853603,6.04781532623711,-4.117461257437688,1.9303540687994394,0.0,0.88231312659382,-6.047815326237127,-0.6272706474490981,1922.2475228444832,stop,False
Validation,19,1,1786585800,1786586100,1786588200,65.58500000000001,65.4,65.95500000000001,65.385,29.3092555133717,9.611237614222416,7.781167699967553,-5.861851102674423,1.9193165972931459,0.0,0.8792776654011843,-7.781167699967569,-0.8095906076084556,1914.4663551445158,stop,False
Validation,20,1,1786588500,1786588800,1786601100,65.345,65.0,66.035,64.985,22.514392708060647,9.57233177572258,9.57233177572258,-8.10518137490182,1.467150400820772,0.0,0.675431781241845,-9.572331775722592,-1.0000000000000013,1904.8940233687933,stop,False
Validation,21,1,1786668000,1786668300,1786668300,64.405,64.29,64.63499999999999,64.275,29.576803406083275,9.524470116843966,5.7479559739380734,-3.8449844427906914,1.902971531147398,0.0,0.8873041021825319,-5.747955973938089,-0.6034935175840245,1899.1460673948552,stop,True
Validation,22,1,1786669500,1786669800,1786669800,64.095,63.9,64.485,63.885,29.630175012011158,9.495730336974276,8.118371651540945,-6.222336752522368,1.896034899018594,0.0,0.8889052503603684,-8.118371651540961,-0.854949684062722,1891.0276957433143,stop,True
Validation,23,1,1786916100,1786916400,1786916400,64.895,64.82000000000001,65.04499999999997,64.805,29.139805774609975,9.455138478716572,4.5122989241980225,-2.622582519714583,1.889716404483457,0.0,0.8741941732383324,-4.51229892419804,-0.4772324524231118,1886.5153968191164,stop,True
Validation,24,1,1786935300,1786935600,1786940700,65.755,65.55,66.16499999999999,65.535,28.690067627087164,9.432576984095583,8.195174367339265,-6.311814877959144,1.8833594893801369,0.0,0.8607020288126476,-8.19517436733928,-0.8688160596152349,1878.3202224517772,stop,False
Validation,25,-1,1786946700,1786947000,1786952100,65.915,66.08,65.58500000000002,66.095,28.496096828518198,9.391601112258886,7.010182300299392,-5.129297429133065,1.8808848711663437,0.0,0.8548829048555783,-7.010182300299409,-0.7464310096335965,1871.3100401514778,stop,False
Validation,26,-1,1787015100,1787015700,1787015700,66.385,66.65,65.855,66.665,27.00108275234795,9.35655020075739,9.35655020075739,-7.560303170657457,1.7962470300999476,0.0,0.8100324825704692,-9.356550200757404,-1.0000000000000016,1861.9534899507205,stop,True
Validation,27,-1,1787015700,1787016000,1787017500,66.365,66.66,65.77499999999999,65.78999999999999,24.725824523939124,9.309767449753602,9.309767449753602,14.217349101265066,1.6338206699805875,0.0,0.7417747357182018,12.583528431284478,1.3516479868267302,1874.537018382005,target,False
Validation,28,-1,1787122800,1787123100,1787124000,63.185,63.35,62.855000000000004,63.365,29.667437182590884,9.372685091910025,7.217345780594774,-5.340138692866351,1.8772070877284384,0.0,0.8900231154777603,-7.217345780594789,-0.7700403576798281,1867.3196726014103,stop,False
Validation,29,-1,1787124900,1787125200,1787134500,63.265,63.46,62.875,63.475,29.515840869381336,9.336598363007052,8.068745418462786,-6.198326582570106,1.8704188358926954,-0.18654011429449005,0.8854752260814737,-7.88220530416831,-0.8442266656129006,1859.4374672972422,stop,False
Validation,30,-1,1787235000,1787235300,1787236200,67.395,67.68,66.82499999999997,67.69500000000001,25.295371550384132,9.29718733648621,9.29718733648621,-7.588611465115528,1.7085758713706962,0.0,0.7588611465115527,-9.297187336486225,-1.0000000000000016,1850.1402799607558,stop,False
Validation,31,-1,1787238900,1787239200,1787240400,68.815,69.07000000000001,68.30499999999998,68.31999999999998,26.885712126146274,9.250701399803779,9.11291212515754,13.30842750244291,1.8434860662095343,0.0,0.8065713637844187,11.464941436233376,1.2393591513478712,1861.6052213969892,target,False
Validation,32,1,1787305500,1787306400,1787306700,69.58500000000001,69.49,69.77500000000003,69.475,26.752967182539184,9.308026106984947,4.8029601982816095,-2.9428263900796754,1.8601338082019496,0.0,0.802589015476206,-4.802960198281625,-0.5160020119278972,1856.8022611987076,stop,False
Validation,33,-1,1787325900,1787326200,1787326800,69.485,69.66,69.135,69.675,26.722346710782293,9.284011305993538,6.936586759184792,-5.077245875048575,1.859340884136232,0.0,0.8016704013234992,-6.936586759184808,-0.7471540620277694,1849.865674439523,stop,False
Validation,34,-1,1787523000,1787523300,1787525400,69.375,69.54,69.04499999999999,69.05999999999999,26.664730442371503,9.249328372197615,6.651916979806374,8.399390089347342,1.8456659793948496,0.0,0.7999419132711754,6.553724109952492,0.7085621621621966,1856.4193985494755,target,False
Validation,35,1,1787531700,1787532000,1787532900,68.985,68.79,69.37499999999999,69.35999999999999,26.910479068630508,9.282096992747379,7.504794402659493,10.091429650736059,1.8614651133748437,0.0,0.8073143720589459,8.229964537361216,0.8866492715807374,1864.6493630868367,target,False
Validation,36,-1,1787537700,1787538600,1787538600,69.245,69.41,68.91500000000002,69.425,26.928288874096854,9.323246815434183,6.714164906422726,-4.847091997337235,1.8670729090855054,0.0,0.8078486662229363,-6.71416490642274,-0.7201530796447183,1857.935198180414,stop,True
Validation,37,1,1787617500,1787617800,1787619600,69.535,69.37,69.86499999999998,69.355,26.719424723957925,9.28967599090207,6.665026900267471,-4.809496450312229,1.8555304499552583,0.0,0.8015827417187681,-6.6650269002674865,-0.717466024304286,1851.2701712801468,stop,False
Validation,38,1,1787621100,1787621700,1787621700,69.315,69.14,69.66499999999999,69.125,26.70807431696093,9.256350856400735,6.923267024442536,-5.074534120222515,1.8487329042200353,0.0,0.8012422295088583,-6.92326702444255,-0.7479477746519445,1844.3469042557042,stop,True
Validation,39,-1,1787710500,1787711100,1787711400,69.415,69.55,69.14500000000002,69.565,26.5698610423641,9.22173452127852,5.8318188001882545,-3.9854791563543883,1.8463396438338813,0.0,0.7970958312709532,-5.83181880018827,-0.6323993373189987,1838.5150854555159,stop,False
Validation,40,-1,1787730300,1787730600,1787736000,68.865,69.02,68.55499999999999,68.57,26.697380170703784,9.19257542727758,6.3793389917897,7.875727150357662,1.8345772218803371,-0.18354448867358852,0.8009214051211438,6.224694417150912,0.6771436869236962,1844.7397798726668,target,False
Validation,41,1,1787798400,1787798700,1787802900,69.275,69.10000000000001,69.625,69.08500000000001,26.6292281468447,9.223698899363335,6.9017633510991345,-5.059553347900432,1.8422100031987165,0.0,0.7988768444053712,-6.901763351099149,-0.7482641645615234,1837.8380165215676,stop,False
Validation,42,-1,1787830200,1787830800,1787834100,68.425,68.59,68.09499999999998,68.10999999999999,26.859159905320684,9.189190082607839,6.674904123870938,8.460635370176336,1.8336076988364796,0.0,0.8057747971596511,6.627027671339857,0.7211764705882703,1844.4650441929075,target,False
Validation,43,-1,1787891100,1787891400,1787895600,68.925,69.03,68.71499999999999,68.72999999999999,26.760464913934097,9.222325220964537,5.057326461759942,5.218290658217347,1.841855898863799,0.0,0.8028139474180533,3.3764347593535478,0.3661153427638953,1847.841478952261,target,False
Validation,44,-1,1787902500,1787902800,1787906400,70.805,71.01,70.39500000000001,70.41000000000001,26.097612865648767,9.239207394761305,7.592187046810167,10.30855708193116,1.8426872004112955,-0.18456231818586807,0.7829283859694927,8.650432199705731,0.9362742744156373,1856.4919111519666,target,False
Validation,45,1,1788019200,1788019500,1788045900,66.715,66.66,66.82500000000002,66.81000000000002,27.827203944419793,9.282459555759834,3.803422235123487,2.6435843747202443,1.8578137033393267,0.0,0.8348161183326255,0.7857706713809176,0.08465112793228828,1857.2776818233476,target,False
Validation,46,1,1788046500,1788047100,1788047700,66.805,66.68,67.055,66.745,27.801477162238566,9.286388409116737,5.74753838113539,-1.668088629734377,1.8564436375084803,0.0,0.8340443148671886,-3.5245322672428574,-0.379537459770982,1853.7531495561047,session_end,False
Validation,47,1,1788144300,1788144600,1788145500,65.915,65.73,66.28500000000001,66.27000000000001,28.123388448093827,9.268765747780524,7.475618500330126,9.983802899073421,1.8587450510056416,0.0,0.8437016534428468,8.12505784806778,0.8766062353030538,1861.8782074041724,target,False
Validation,48,-1,1788193800,1788194100,1788201000,66.44500000000001,66.58,66.17500000000003,66.19000000000003,28.021344080129012,9.309391037020863,6.0671814202292795,7.145442740432372,1.8583054860339563,0.0,0.8406403224039022,5.2871372543984165,0.5679358868236322,1867.1653446585708,target,False
Validation,49,1,1788245400,1788245700,1788247800,66.575,66.49,66.74500000000002,66.475,28.046043479663098,9.335826723292854,4.670367390451121,-2.804604347966549,1.8657630424845877,0.0,0.8413813043899249,-4.670367390451137,-0.500262861434498,1862.4949772681196,stop,False
Validation,50,1,1788251700,1788252000,1788252300,65.115,64.88,65.585,64.865,28.603163284467783,9.312474886340597,9.009710402974491,-7.150790821116946,1.858919581857561,0.0,0.858094898534066,-9.009710402974507,-0.9674882899485527,1853.4852668651451,stop,False
Validation,51,1,1788362400,1788362700,1788367200,65.08500000000001,64.96000000000001,65.33500000000001,64.94500000000001,28.477917597989475,9.267426334325727,5.838400276351813,-3.986908463718543,1.8514918126332858,0.18556211106849943,0.8543375279397166,-6.023962387420328,-0.6500145962971515,1847.461304477725,stop,False
Validation,52,-1,1788399300,1788399600,1788400800,65.745,65.9,65.435,65.915,28.1004077036691,9.237306522388625,6.626919148756316,-4.777069309623795,1.849849839132537,0.0,0.8430122311101049,-6.626919148756333,-0.7174081679215202,1840.8343853289687,stop,False
Validation,53,-1,1788400800,1788401100,1788402600,65.745,65.91,65.41500000000002,65.925,27.999610393626412,9.204171926644843,6.883284221116926,-5.039929870852547,1.843354350264395,0.0,0.8399883118088242,-6.883284221116942,-0.747843942505111,1833.9511011078519,stop,False
Validation,54,-1,1788505800,1788506100,1788506700,66.735,66.85,66.50500000000001,66.865,27.48109839076724,9.169755505539259,5.4082801633028526,-3.5725427907996163,1.8357373725032518,0.0,0.8244329517230484,-5.408280163302868,-0.5897954596538412,1828.542820944549,stop,False
Validation,55,1,1788525900,1788526200,1788526800,65.685,65.14,66.775,65.125,14.618869540094371,9.142714104722746,9.142714104722746,-8.186566942452881,0.9561471622698723,0.0,0.43856608620284776,-9.142714104722753,-1.0000000000000009,1819.4001068398263,stop,False
Validation,56,1,1788744000,1788744300,1788744600,65.785,65.6,66.155,66.14,27.65676228380066,9.097000534199132,7.347986887371642,9.818150610749344,1.824309182145201,0.0,0.8297028685140513,7.993841428604142,0.8787337538952769,1827.3939482684304,target,False
Validation,57,1,1788761100,1788761400,1788768000,65.69500000000001,65.53,66.02500000000002,66.01000000000002,27.816332266815287,9.136969741342153,6.831830286391344,8.762144664047147,1.8317750206004542,0.18339307863511323,0.8344899680044903,6.74697656481158,0.7384260598219404,1834.140924833242,target,False
Validation,58,1,1788948000,1788948300,1788956100,66.365,66.14,66.81499999999998,66.125,27.63717207614318,9.170704624166211,8.463745762458311,-6.632921298274222,1.8308244641841052,0.0,0.8291151622843268,-8.463745762458327,-0.9229111730580725,1825.6771790707837,stop,False
Validation,59,-1,1788960600,1788960900,1788962400,67.595,67.88,67.025,67.895,24.822596895549914,9.128385895353919,9.128385895353919,-7.446779068664903,1.6816068266890287,0.0,0.7446779068665257,-9.128385895353933,-1.0000000000000016,1816.5487931754296,stop,False
Validation,60,1,1789012500,1789012800,1789017000,67.465,67.39,67.61500000000001,67.60000000000001,26.925795496560134,9.082743965877148,4.2386587270685725,3.634982392035756,1.8183662843714474,0.0,0.8077738648968347,1.8166161076643084,0.20000741125029306,1818.3654092830939,target,False
Validation,61,1,1789024800,1789025100,1789025100,67.455,67.35,67.665,67.335,26.956717949493648,9.09182704641547,5.05155416014547,-3.23480615393936,1.8167480062061243,0.0,0.80870153848484,-5.051554160145485,-0.5556148543473562,1813.3138551229483,stop,True
Validation,62,-1,1789101000,1789101300,1789101600,63.535,63.620000000000005,63.36499999999998,63.635000000000005,28.540392777570606,9.066569275614741,4.6687801525191155,-2.854039277757304,1.814740874761827,0.0,0.8562117833271506,-4.6687801525191315,-0.5149445187692093,1808.6450749704293,stop,False
Validation,63,-1,1789102500,1789102800,1789103100,63.605000000000004,63.730000000000004,63.355000000000004,63.745000000000005,28.4355801426056,9.043225374852147,5.791616785545196,-3.9809812199648,1.8106355655804116,0.0,0.8530674042782003,-5.791616785545211,-0.6404370725571905,1802.853458184884,stop,False
Validation,64,-1,1789352700,1789353000,1789353000,64.365,64.44,64.21499999999999,64.455,28.009841655944754,9.01426729092442,4.324999650094509,-2.5208857490351235,1.8041139010594016,0.0,0.8402952496783744,-4.324999650094525,-0.4797949195991716,1798.5284585347895,stop,True
Validation,65,-1,1789383900,1789384200,1789384500,62.915,63.04,62.665,63.055,28.586640046646895,8.992642292673947,5.802659129868621,-4.002129606530581,1.8005295233380547,0.0,0.8575992013994393,-5.802659129868636,-0.6452674243026323,1792.725799404921,stop,False
Validation,66,1,1789449600,1789450200,1789450200,63.255,63.15,63.46500000000001,63.135,28.34125048462447,8.963628997024605,5.191975382530893,-3.4009500581550656,1.7910253243758434,0.0,0.8502375145387664,-5.191975382530909,-0.5792269385819447,1787.5338240223903,stop,True
Validation,67,1,1789483800,1789484400,1789495800,63.325,63.13,63.715,63.7,28.227932475679278,8.937669120111952,7.712435711005101,10.585474678379729,1.7928265613615801,0.17882395223342823,0.8468379742704104,8.613824164784722,0.9637662850375049,1796.147648187175,target,False
Validation,68,-1,1789521900,1789522200,1789525500,63.895,64.05,63.585000000000015,64.065,28.110926491700052,8.980738240935876,6.577394580527811,-4.778857503588857,1.7985370769389695,0.0,0.8433277947510335,-6.577394580527827,-0.7323890758275124,1789.5702536066472,stop,False
Validation,69,1,1789530600,1789530900,1789538400,64.655,64.53,64.905,64.515,27.678760399143872,8.947851268033236,5.66265919625885,-3.8750264558801577,1.7876327403787071,0.0,0.8303628119743476,-5.662659196258865,-0.6328512876034352,1783.9075944103884,stop,False
Validation,70,-1,1789604100,1789604700,1789605600,63.415,63.54,63.165,63.555,28.130688234808616,8.919537972051941,5.724173095460032,-3.9382963528732224,1.785876742586825,0.0,0.8439206470442905,-5.724173095460047,-0.6417566821729893,1778.1834213149284,stop,False
Validation,71,1,1789639200,1789639500,1789639500,64.075,63.980000000000004,64.265,63.965,27.751594558172897,8.890917106574642,4.829332485013216,-3.0526754013990027,1.776657083614229,0.0,0.8325478367452185,-4.829332485013232,-0.5431759656652343,1773.354088829915,stop,True
Validation,72,-1,1789693500,1789693800,1789702500,65.865,66.06,65.47499999999998,66.075,26.924073314050183,8.866770444149576,7.430236512478627,-5.654055395950753,1.7761811165278905,0.0,0.8077221994215361,-7.430236512478643,-0.8379867911637682,1765.9238523174365,stop,False
Validation,73,1,1789714500,1789714800,1789721400,66.875,66.71000000000001,67.20499999999998,67.18999999999998,26.406337978578488,8.829619261587183,6.516688118043282,8.317996463251788,1.7700828505490622,0.17705449614636876,0.7921901393573847,6.370859116556357,0.7215327102803244,1772.294711433993,target,False
Validation,74,-1,1789877400,1789878000,1789891200,66.405,66.48,66.255,66.495,26.68917568607775,8.861473557169965,4.17552153608694,-2.4020258117470883,1.7734957243398664,-0.1774029507853588,0.8006752705823629,-3.9981185853015955,-0.4511798810330649,1768.2965928486913,stop,False
Validation,75,1,1789954500,1789955100,1789955400,66.885,66.72,67.21500000000002,66.705,26.437864885231235,8.841482964243456,6.524732864350808,-4.758815679341803,1.7659171850090205,0.0,0.7931359465569671,-6.524732864350823,-0.7379681542947053,1761.7718599843404,stop,False
Validation,76,1,1789959600,1789959900,1789962600,66.505,66.3,66.91499999999999,66.285,26.490818133739424,8.808859299921702,7.586837859412257,-5.827979989422643,1.7588578699896291,0.0,0.7947245440122128,-7.586837859412272,-0.8612735884519926,1754.185022124928,stop,False
Validation,77,1,1790082300,1790082600,1790083500,66.035,65.81,66.48499999999999,65.795,26.56447372037447,8.77092511062464,8.126470978168205,-6.375473692889737,1.750997285278483,0.0,0.7969342116112643,-8.12647097816822,-0.9265238131293856,1746.0585511467598,stop,False
Validation,78,-1,1790118000,1790118600,1790118900,67.305,67.39,67.13500000000002,67.405,25.942479030484506,8.7302927557338,4.3416035781465725,-2.594247903048303,1.7473556750982842,0.0,0.7782743709145646,-4.341603578146588,-0.4973033207042398,1741.7169475686133,stop,False
Validation,79,1,1790127000,1790127300,1790127900,66.925,66.79,67.19499999999998,66.775,26.0249076962064,8.708584737843067,5.643501233922121,-3.9037361544307383,1.7397650794913981,0.0,0.7807472308862217,-5.643501233922136,-0.6480388494583235,1736.0734463346912,stop,False
Validation,80,1,1790129400,1790130000,1790130000,66.595,66.51,66.76499999999999,66.495,26.069126005476257,8.680367231673456,4.34168259058188,-2.6069126005474774,1.7347699900344176,0.0,0.7820737801643174,-4.341682590581895,-0.5001726856370428,1731.7317637441095,stop,True
Validation,81,1,1790257200,1790257500,1790261700,63.545,63.31,64.015,63.295,27.252053879048066,8.658658818720548,8.541338726771231,-6.813013469762017,1.7283252570092285,0.0,0.817561616371473,-8.541338726771246,-0.9864505468565583,1723.1904250173384,stop,False
Validation,82,-1,1790268000,1790268300,1790294100,63.855,64.11,63.34499999999999,63.705,25.797036213918457,8.615952125086691,8.615952125086691,3.869555432087732,1.6453349697237192,0.0,0.773911086417583,2.2242204623640127,0.2581514416599237,1725.4146454797024,session_end,False
Validation,83,-1,1790299200,1790299800,1790307900,64.035,64.17,63.764999999999986,63.77999999999999,26.944868360735573,8.627073227398512,5.769165764717232,6.8709414319878315,1.7219791747637085,0.0,0.8083460508220978,5.148962257224123,0.5968376669009438,1730.5636077369265,target,False
Validation,84,1,1790335200,1790335500,1790335500,65.075,64.95,65.325,64.935,26.59337084497774,8.652818038684632,5.451773990074662,-3.723071918296899,1.7287020717777781,0.0,0.7978011253493624,-5.451773990074678,-0.6300576258163676,1725.111833746852,stop,True
